{"ideabuz_blog_sidebar":{"search-2":{"title":""},"categories-2":{"title":"","count":0,"hierarchical":0,"dropdown":0},"media_image-1":{"size":"full","width":350,"height":305,"caption":"","alt":"","link_type":"custom","link_url":"","image_classes":"","link_classes":"","link_rel":"","link_target_blank":false,"image_title":"","attachment_id":90,"url":"https:\/\/motiontheme.com\/ideabuz\/wp-content\/uploads\/2019\/06\/widget_ad@2x.png","title":""},"ideabuz_related_post_widget-1":{"title":"Related Posts","post_number":"6","show_date":"on"},"tag_cloud-1":{"title":"Tags","count":0,"taxonomy":"post_tag"}},"ideabuz_offcanvas_sidebar":{"ideabuz_about_us-1":{"description":"Really regard excuse off ten pulled. Lady am room head so lady four or eyes an household behaviour.","image":"http:\/\/themelooks.org\/demo\/ideabuz\/wp-content\/uploads\/2019\/07\/logo-1.png"},"ideabuz_flicker_widget-1":{"title":"Latest Shots","api_key":"80331e23c347328f8d480f4c1341692b","user_id":"64801217@N07","post_num":"6"},"ideabuz_contact_info_widget-1":{"title":"Get In Touch","logo":"","address":"173 Collins Street West victoria, Melbourne, Australia","mobile01":"+0096665431,","mobile02":"+0096665431","email":"ideabuz@info.com,","email01":"ideabuz@gmail.com","button":"Get Appoinment","url":"#"}},"ideabuz_service_sidebar":{"search-3":{"title":""},"categories-3":{"title":"","count":0,"hierarchical":0,"dropdown":0},"media_image-2":{"size":"full","width":350,"height":305,"caption":"","alt":"","link_type":"custom","link_url":"","image_classes":"","link_classes":"","link_rel":"","link_target_blank":false,"image_title":"","attachment_id":90,"url":"https:\/\/motiontheme.com\/ideabuz\/wp-content\/uploads\/2019\/06\/widget_ad@2x.png","title":""},"ideabuz_service_related_post_widget-1":{"title":"Related Posts","post_number":"6","show_date":"on"},"tag_cloud-2":{"title":"","count":0,"taxonomy":"post_tag"}},"footer_sidebar_one":{"ideabuz_contact_info_widget-2":{"title":"","logo":"http:\/\/themelooks.org\/demo\/ideabuz\/wp-content\/uploads\/2019\/07\/footer-logo.png","address":"173 Collins Street West victoria, Melbourne, Australia","mobile01":"+0096665431,","mobile02":"+0096665431","email":"ideabuz@info.com,","email01":"ideabuz@gmail.com","button":"","url":""}},"footer_sidebar_two":{"ideabuz_recent_post_widget-1":{"title":"Recent Posts","post_number":"2","show_date":"on"}},"footer_sidebar_three":{"nav_menu-1":{"title":"Quick Links","nav_menu":"22"}},"footer_sidebar_four":{"ideabuz_newsletter_widget-1":{"title":"Newsletter","content":"Cuteness you exquisite ourselves now end forfeited. Enquire ye without it garrets himself. Interest our nor received followed was.","placeholder":"Your Email","social_icon":"on"}}}