{"last_tab":"16","ideabuz_display_preloader":"1","ideabuz_preloader_image":{"url":"http:\/\/themelooks.org\/demo\/ideabuz\/wp-content\/uploads\/2019\/06\/preloader.png","id":"9","height":"28","width":"24","thumbnail":"http:\/\/themelooks.org\/demo\/ideabuz\/wp-content\/uploads\/2019\/06\/preloader.png","title":"preloader","caption":"","alt":"","description":""},"ideabuz_preloader_border_color":"","ideabuz_preloader_background_color":"","ideabuz_display_backtotop":"1","ideabuz_backtotop_text":"Back To Top","ideabuz_backtotop_text_color":"","ideabuz_backtotop_icon_color":"","ideabuz_backtotop_icon_background_color":"","ideabuz_body_fonts":{"font-family":"","font-options":"","google":"1","font-weight":"","font-style":""},"ideabuz_header_fonts":{"font-family":"","font-options":"","google":"1","font-weight":"","font-style":""},"ideabuz_unlimited_color":"","ideabuz_map_apikey":"AIzaSyBK9f7sXWmqQ1E-ufRXV3VpXOn_ifKsDuc","ideabuz_site_logo":{"url":"http:\/\/themelooks.org\/demo\/ideabuz\/wp-content\/uploads\/2019\/07\/logo-1.png","id":"983","height":"46","width":"186","thumbnail":"http:\/\/themelooks.org\/demo\/ideabuz\/wp-content\/uploads\/2019\/07\/logo-1-150x46.png","title":"logo","caption":"","alt":"","description":""},"ideabuz_site_logo_dimensions":{"width":"","height":"","units":"px"},"ideabuz_site_logomargin_dimensions":{"margin-top":"0","margin-bottom":"0","units":"px"},"ideabuz_site_title":"","ideabuz_text_logo_color":"","ideabuz_text_logo_color_hover":"","ideabuz_sticky_site_logo":{"url":"http:\/\/themelooks.org\/demo\/ideabuz\/wp-content\/uploads\/2019\/06\/sticky_logo.png","id":"11","height":"58","width":"51","thumbnail":"http:\/\/themelooks.org\/demo\/ideabuz\/wp-content\/uploads\/2019\/06\/sticky_logo.png","title":"sticky_logo","caption":"","alt":"","description":""},"ideabuz_sticky_site_logo_dimensions":{"width":"","height":"","units":"px"},"ideabuz_sticky_site_logomargin_dimensions":{"margin-top":"0","margin-bottom":"0","units":"px"},"ideabuz_header_background_color":"","ideabuz_menu_color":"","ideabuz_menu_active_color":"","ideabuz_menu_hover_color":"","ideabuz_sub_menu_bg":"","ideabuz_sub_menu_text_color":"","ideabuz_sub_menu_hover_text_color":"","ideabuz_sticky_menu_bg":"","ideabuz_sticky_menu_color":"","ideabuz_sticky_menu_active_color":"","ideabuz_sticky_menu_hover_color":"","ideabuz_sticky_sub_menu_bg":"","ideabuz_sticky_sub_menu_text_color":"","ideabuz_sticky_sub_menu_hover_text_color":"","menu_button_color":"","cross_button_color":"","menu_background_color":"","menu_text_color":"","menu_text_color_on_hover":"","right_side_icon_color":"","submenu_background_color":"","submenu_text_color":"","submenu_text_color_on_hover":"","sticky_menu_background_color":"","sticky_menu_button_color":"","sticky_menu_cross_button_color":"","sticky_menu_background_color_two":"","sticky_menu_text_color":"","sticky_menu_text_color_on_hover":"","sticky_right_side_icon_color":"","sticky_submenu_background_color":"","sticky_submenu_text_color":"","sticky_submenu_text_color_on_hover":"","ideabuz_header_content_alignment":"center","ideabuz_header_bg":{"background-color":"","background-repeat":"","background-size":"","background-attachment":"","background-position":"","background-image":"http:\/\/themelooks.org\/demo\/ideabuz\/wp-content\/uploads\/2019\/06\/page-title.png","media":{"id":"12","height":"430","width":"1920","thumbnail":"http:\/\/themelooks.org\/demo\/ideabuz\/wp-content\/uploads\/2019\/06\/page-title-150x150.png"}},"ideabuz_header_text_show_hide":"1","ideabuz_header_text_color":"","ideabuz_enable_bread":"1","ideabuz_link_color":"","ideabuz_link_hover_color":"","ideabuz_active_color":"","ideabuz_divider_color":"","ideabuz_blog_style":"1","ideabuz_blog_layout":"1","ideabuz_post_column":"2","ideabuz_blog_post_background":"","ideabuz_blog_post_background_when_hover":{"from":false,"to":false},"ideabuz_post_excerpt":"","ideabuz_post_excerpt_color":"","ideabuz_button_text":"","ideabuz_read_more_button_color":"","ideabuz_read_more_button_color_on_hover":"","ideabuz_read_more_border_color":"","ideabuz_read_more_border_color_hover":"","ideabuz_title_color":"","ideabuz_title_color_on_hover":"","ideabuz_post_title_hover_color":"","ideabuz_pagination_position":"center","ideabuz_post_pagination_active_color":"","ideabuz_post_pagination_active_background":"","ideabuz_post_pagination_color":"","ideabuz_post_pagination_bg":"","ideabuz_post_pagination_hover_bg":"","ideabuz_post_pagination_hover_text_color":"","ideabuz_post_pagination_border_color":{"border-top":"","border-right":"","border-bottom":"","border-left":"","border-style":"solid","border-color":""},"ideabuz_date_enable":"1","ideabuz_date_color":"","ideabuz_date_shape_bg":"","ideabuz_category_enable":"1","ideabuz_category_color":"","ideabuz_category_hover_color":"","ideabuz_author_enable":"1","ideabuz_author_color":"","ideabuz_author_color_on_hover":"","ideabuz_comment_enable":"1","ideabuz_comment_count_text_color":"","ideabuz_blog_single_layout":"3","ideabuz_single_post_time_enable":"1","ideabuz_single_post_time_color":"","ideabuz_single_post_time_color_hover":"","ideabuz_single_enable_category":"1","ideabuz_single_category_color":"","ideabuz_single_category_color_hover":"","ideabuz_single_tag_enable_disable":"1","ideabuz_single_tag_color":"","ideabuz_single_tag_hover_color":"","ideabuz_single_social":"1","ideabuz_single_social_facebook_color":"","ideabuz_single_social_twitter_color":"","ideabuz_single_social_linkedin_color":"","ideabuz_enable_disable_navigation":"1","ideabuz_page_layout":"2","ideabuz_service_single_layout":"2","ideabuz_service_sidebar":"3","ideabuz_archive_style":"3","ideabuz_archive_text_align":"2","ideabuz_archive_column":"three","mailchimp_api_key":"","mailchimp_list_id":"","ideabuz_background":{"background-color":"","background-repeat":"","background-size":"","background-attachment":"","background-position":"","background-image":"https:\/\/motiontheme.com\/ideabuz\/wp-content\/uploads\/2019\/06\/404-bg.png","media":{"id":"","height":"","width":"","thumbnail":""}},"ideabuz_coming_logo":{"url":"http:\/\/themelooks.org\/demo\/ideabuz\/wp-content\/uploads\/2019\/07\/logo-1.png","id":"983","height":"46","width":"186","thumbnail":"http:\/\/themelooks.org\/demo\/ideabuz\/wp-content\/uploads\/2019\/07\/logo-1-150x46.png","title":"logo","caption":"","alt":"","description":""},"ideabuz_coming_site_logo_dimensions":{"width":"","height":"","units":"px"},"ideabuz_coming_site_logomargin_dimensions":{"margin-top":"0","margin-bottom":"0","units":"px"},"ideabuz_coming_site_title":"","ideabuz_coming_text_logo_color":"","ideabuz_coming_text_logo_color_hover":"","ideabuz_coming_soon_title":"Coming Soon","ideabuz_coming_soon_title_color":"","ideabuz_coming_time":"04\/04\/2020","ideabuz_countdown_box_bg":"","ideabuz_days_text_color":"","ideabuz_days_countdown_color":"","ideabuz_hours_text_color":"","ideabuz_hours_countdown_text_color":"","ideabuz_minutes_text_color":"","ideabuz_minutes_countdown_text_color":"","ideabuz_seconds_text_color":"","ideabuz_seconds_countdown_text_color":"","ideabuz_time_separator":"","ideabuz_coming_soon_simple_title":"Notify me when it\u2019s live","ideabuz_coming_soon_simple_title_color":"","ideabuz_coming_soon_form_placeholder":"What are you looking for...","ideabuz_coming_soon_input_btn_color":"","ideabuz_coming_soon_input_bg_color":"","ideabuz_coming_soon_button":"Search","ideabuz_coming_soon_search_btn_color":"","ideabuz_coming_soon_search_btn_bg_color":"","ideabuz_coming_soon_search_btn_border_color":{"from":false,"to":false},"social_icon_slide":[{"title":"","progress":"","icon":"fa-facebook","facts-number":"","url":"#","sort":"0","attachment_id":"","thumb":"","image":"","height":"","width":""},{"title":"","progress":"","icon":"fa-twitter","facts-number":"","url":"#","sort":"1","attachment_id":"","thumb":"","image":"","height":"","width":""},{"title":"","progress":"","icon":"fa-linkedin","facts-number":"","url":"#","sort":"2","attachment_id":"","thumb":"","image":"","height":"","width":""},{"title":"","progress":"","icon":"fa-instagram","facts-number":"","url":"#","sort":"3","attachment_id":"","thumb":"","image":"","height":"","width":""}],"social_icon_one_color":"","social_icon_two_color":"","social_icon_three_color":"","social_icon_four_color":"","ideabuz_404_image_bg":{"background-color":"","background-repeat":"","background-size":"","background-attachment":"","background-position":"","background-image":"http:\/\/themelooks.org\/demo\/ideabuz\/wp-content\/uploads\/2019\/06\/404-bg.png","media":{"id":"177","height":"1000","width":"1920","thumbnail":"http:\/\/themelooks.org\/demo\/ideabuz\/wp-content\/uploads\/2019\/06\/404-bg-150x150.png"}},"ideabuz_404_image":{"url":"http:\/\/themelooks.org\/demo\/ideabuz\/wp-content\/uploads\/2019\/06\/404.png","id":"178","height":"260","width":"722","thumbnail":"http:\/\/themelooks.org\/demo\/ideabuz\/wp-content\/uploads\/2019\/06\/404-150x150.png","title":"404","caption":"","alt":"","description":""},"ideabuz_404_subtitle":"","ideabuz_404_subtitle_color":"","ideabuz_404_subtitle_ancor_color":"","ideabuz_404_form_placeholder":"What are you looking for...","ideabuz_404_input_btn_color":"","ideabuz_404_input_bg_color":"","ideabuz_404_button":"search","ideabuz_404_search_btn_color":"","ideabuz_404_search_btn_bg_color":"","ideabuz_404_search_btn_border_color":{"from":"#fb4275","to":"#f35d46"},"ideabuz_offcanvas_cross_icon_color":"","ideabuz_offcanvas_title_color":"","ideabuz_offcanvas_content_color":"","ideabuz_offcanvas_ancor_color":"","ideabuz_offcanvas_ancor_hover_color":"","ideabuz_offcanvas_background_color":"","ideabuz_footerwidget_enable":"1","ideabuz_footercol_switch":"3","ideabuz_footercol_style":"two","ideabuz_footer_widget_background":{"background-color":"#f8f9fa","background-repeat":"","background-size":"","background-attachment":"","background-position":"","background-image":"http:\/\/themelooks.org\/demo\/ideabuz\/wp-content\/uploads\/2019\/06\/footer-pattern.png","media":{"id":"8","height":"500","width":"1920","thumbnail":"http:\/\/themelooks.org\/demo\/ideabuz\/wp-content\/uploads\/2019\/06\/footer-pattern-150x150.png"}},"ideabuz_footer_widget_title_color":"","ideabuz_footer_widget_color":"","ideabuz_footer_widget_ancor_color":"","ideabuz_footer_widget_ancor_hover_color":"","ideabuz_footer_border_bottom":"1","ideabuz_footer_border_bottom_color":"","ideabuz_footer_background":{"background-color":"","background-repeat":"","background-size":"","background-attachment":"","background-position":"","background-image":"","media":{"id":"","height":"","width":"","thumbnail":""}},"ideabuz_copyright":"<a href=\"#\">ideabuz<\/a> \u00a9 Copyright 2019.All rights reserved.","ideabuz_copyright_color":"","ideabuz_copyright_ancor_color":"","ideabuz_copyright_ancor_hover_color":"","ideabuz_css_editor":"","redux-backup":"1"}